duration_sec,rms_mean,rms_std,zcr_mean,zcr_std,centroid_mean,centroid_std,rolloff_mean,rolloff_std,mel_db_mean,mel_db_std,mfcc1_mean,mfcc1_std,mfcc2_mean,mfcc2_std,mfcc3_mean,mfcc3_std,mfcc4_mean,mfcc4_std,mfcc5_mean,mfcc5_std,mfcc6_mean,mfcc6_std,mfcc7_mean,mfcc7_std,mfcc8_mean,mfcc8_std,mfcc9_mean,mfcc9_std,mfcc10_mean,mfcc10_std,mfcc11_mean,mfcc11_std,mfcc12_mean,mfcc12_std,mfcc13_mean,mfcc13_std,chroma1_mean,chroma1_std,chroma2_mean,chroma2_std,chroma3_mean,chroma3_std,chroma4_mean,chroma4_std,chroma5_mean,chroma5_std,chroma6_mean,chroma6_std,chroma7_mean,chroma7_std,chroma8_mean,chroma8_std,chroma9_mean,chroma9_std,chroma10_mean,chroma10_std,chroma11_mean,chroma11_std,chroma12_mean,chroma12_std,file,label
30.0,0.15147830545902252,0.054166991263628006,0.07082572440982972,0.02980927997452248,1267.0292668410302,448.2677657641574,2404.7021257619003,1008.128342358682,-41.36845016479492,20.078575134277344,-156.2869873046875,61.739891052246094,166.86734008789062,36.04109573364258,-54.2305793762207,29.928852081298828,29.463211059570312,39.31208419799805,-31.28306007385254,28.515850067138672,-4.79813289642334,26.074804306030273,-24.62342643737793,20.516530990600586,-10.290008544921875,17.643369674682617,-10.657989501953125,11.737485885620117,-7.678503036499023,12.847811698913574,0.14581355452537537,9.673015594482422,-8.055106163024902,8.385064125061035,3.1787827014923096,8.084734916687012,0.19464409351348877,0.1257995367050171,0.46641215682029724,0.3031095564365387,0.3112567067146301,0.24212102591991425,0.2752945125102997,0.20842121541500092,0.42315974831581116,0.3047305941581726,0.23207630217075348,0.13987484574317932,0.43990767002105713,0.32183483242988586,0.21668113768100739,0.1929221898317337,0.4279635548591614,0.26967155933380127,0.5834699273109436,0.3293117880821228,0.25371941924095154,0.20685981214046478,0.28512799739837646,0.3118640184402466,audio_samples\music\music-fma-0000.wav,music
30.0,0.1403501033782959,0.05348941683769226,0.0499664401122291,0.021779290479825904,1139.7498790579539,423.4430603734977,2470.0100641870645,1022.1596304274971,-44.499141693115234,17.372703552246094,-168.64718627929688,45.845367431640625,153.58131408691406,19.279993057250977,-13.316351890563965,17.654186248779297,54.83208084106445,12.305688858032227,-13.026518821716309,15.729569435119629,21.480937957763672,12.554438591003418,-6.809013843536377,8.56543254852295,6.622195720672607,9.681377410888672,-0.8205188512802124,7.044918060302734,3.1385140419006348,7.653043270111084,2.3663084506988525,8.65695858001709,-7.457334995269775,7.18219518661499,1.8711273670196533,8.979135513305664,0.2852676808834076,0.24445773661136627,0.3470352292060852,0.3048308491706848,0.1891709268093109,0.1954456865787506,0.24276451766490936,0.2859949469566345,0.18341903388500214,0.16241468489170074,0.3084886968135834,0.23041601479053497,0.5100986957550049,0.3731561005115509,0.2971290349960327,0.19672206044197083,0.3802974820137024,0.31884947419166565,0.3669280409812927,0.30689793825149536,0.4391815960407257,0.30327320098876953,0.3729677200317383,0.3281727731227875,audio_samples\music\music-fma-0058.wav,music
30.0,0.08571431040763855,0.025100233033299446,0.0458273872871517,0.022088494670851583,927.3207884871058,413.0526839220516,1811.489046173568,1099.4526276976187,-46.15522384643555,20.834957122802734,-264.3273010253906,63.74277114868164,181.6508026123047,30.554401397705078,-16.433990478515625,35.6826286315918,24.44339942932129,23.91781234741211,-0.28422731161117554,20.042251586914062,13.578329086303711,24.874357223510742,-9.595869064331055,14.544407844543457,9.080093383789062,15.579243659973145,-0.18474075198173523,11.497519493103027,-1.2192503213882446,10.675457000732422,-3.1899092197418213,12.548800468444824,-3.335646867752075,8.35531234741211,0.3603232204914093,10.439249992370605,0.3247835040092468,0.33406293392181396,0.38877004384994507,0.2008216679096222,0.7494449019432068,0.27486979961395264,0.2230343371629715,0.12415871769189835,0.11879413574934006,0.14281100034713745,0.165537029504776,0.14790129661560059,0.4903651475906372,0.259707510471344,0.696332573890686,0.28650158643722534,0.275202214717865,0.16028496623039246,0.29339420795440674,0.2023797482252121,0.20795300602912903,0.15644127130508423,0.3275405168533325,0.2688758969306946,audio_samples\music\music-fma-0070.wav,music
30.0,0.17483125627040863,0.06295748800039291,0.12140780705785603,0.07519282220434118,2102.9615541077296,753.85607525946,4133.366672763884,1315.5805214227917,-38.38955307006836,17.793912887573242,-122.45354461669922,70.91439819335938,114.32492065429688,23.12067985534668,-56.89347839355469,25.66476058959961,45.53582000732422,27.056676864624023,-38.470794677734375,20.671663284301758,32.24037170410156,20.242528915405273,-19.729368209838867,19.409521102905273,13.1016845703125,13.473730087280273,-12.427136421203613,14.08575439453125,-3.0504465103149414,10.595040321350098,-4.148097038269043,9.942115783691406,-7.186812877655029,9.239212989807129,-3.9980642795562744,10.503040313720703,0.4643409252166748,0.39360371232032776,0.3007662296295166,0.2272878736257553,0.4115385115146637,0.37866464257240295,0.2888857424259186,0.2657667398452759,0.37866970896720886,0.36429572105407715,0.25094541907310486,0.25625064969062805,0.24011433124542236,0.2496870458126068,0.31832537055015564,0.3365810811519623,0.22586286067962646,0.2380111664533615,0.284161776304245,0.3295469880104065,0.21998058259487152,0.2528904676437378,0.2771933972835541,0.26051855087280273,audio_samples\music\music-fma-0074.wav,music
30.0,0.22593216598033905,0.09073960036039352,0.11523588670665634,0.06811080068714874,2029.004898757152,817.7612326873559,4008.900758725571,1598.7407602025717,-39.84231185913086,18.616867065429688,-69.1845703125,83.3657455444336,130.6166534423828,41.40025329589844,-43.33315658569336,42.27889633178711,44.940757751464844,35.249271392822266,-31.61020278930664,18.416500091552734,26.949832916259766,19.774927139282227,-14.597759246826172,15.0064115524292,17.812257766723633,15.134454727172852,-8.547396659851074,10.14359188079834,3.744722604751587,10.693378448486328,-3.1309092044830322,9.427644729614258,-3.4164488315582275,8.698305130004883,6.949032783508301,10.180130004882812,0.43607115745544434,0.2760704457759857,0.5062123537063599,0.3163432478904724,0.4498955309391022,0.291619211435318,0.39093247056007385,0.30487510561943054,0.34791532158851624,0.27442795038223267,0.35368308424949646,0.23880672454833984,0.42378297448158264,0.30477699637413025,0.44728007912635803,0.27889665961265564,0.5079982280731201,0.29509401321411133,0.4944850504398346,0.30667805671691895,0.48071202635765076,0.2857295274734497,0.5094809532165527,0.3006131649017334,audio_samples\music\music-fma-0076.wav,music
30.0,0.1374986469745636,0.06149854138493538,0.03976506566853715,0.0348623651350084,874.4111448618129,666.7580907171201,1578.5154549330011,1555.8911561452128,-49.054534912109375,19.674711227416992,-252.2588348388672,63.682735443115234,166.49766540527344,37.49821472167969,20.427080154418945,25.264644622802734,53.541770935058594,22.978046417236328,2.55507755279541,21.656925201416016,15.109227180480957,16.10106658935547,-12.969374656677246,16.881267547607422,-1.3747106790542603,12.506470680236816,-11.211967468261719,11.732230186462402,-8.273873329162598,7.6208014488220215,-9.161347389221191,9.644495964050293,-8.16467571258545,7.551631450653076,0.6696981191635132,7.467349529266357,0.23458467423915863,0.217678502202034,0.3271251916885376,0.3359142243862152,0.14499439299106598,0.12882331013679504,0.2608603835105896,0.23542547225952148,0.4272485375404358,0.3694491684436798,0.25711649656295776,0.18470104038715363,0.2776354253292084,0.3704109787940979,0.3136310279369354,0.23989450931549072,0.5354704260826111,0.35492464900016785,0.2930673360824585,0.2737621068954468,0.18972057104110718,0.18132160604000092,0.2938525080680847,0.3351777493953705,audio_samples\music\music-fma-0083.wav,music
30.0,0.2027847170829773,0.07294688373804092,0.03577907314241486,0.010614600259097086,740.2788902791843,175.58062093502107,1241.2008279617357,434.6505753628804,-48.782135009765625,19.271923065185547,-174.77565002441406,49.22352600097656,184.6663055419922,18.814407348632812,-2.9534730911254883,17.532432556152344,34.030948638916016,10.413331985473633,-2.395048141479492,16.95366096496582,2.7410459518432617,8.596525192260742,-7.389139175415039,7.796741008758545,-4.56754207611084,7.568393707275391,-8.715191841125488,6.9901347160339355,-18.8768253326416,6.969283103942871,-12.446754455566406,6.25490140914917,-9.956599235534668,6.630102634429932,-3.7460978031158447,6.272891044616699,0.09439988434314728,0.08349931985139847,0.28365838527679443,0.17676790058612823,0.6612002849578857,0.3283151388168335,0.3237762749195099,0.19209639728069305,0.18318518996238708,0.18225324153900146,0.11877144873142242,0.09031813591718674,0.34602081775665283,0.29864948987960815,0.24761958420276642,0.193218395113945,0.28766804933547974,0.1504107564687729,0.7442717552185059,0.313860148191452,0.3641408085823059,0.18262220919132233,0.19333451986312866,0.2681606411933899,audio_samples\music\music-fma-0085.wav,music
30.0,0.2112821638584137,0.10490843653678894,0.041728016761803405,0.047314021580414006,1011.6572157142164,860.8607833510946,2081.520746662152,2024.0258841236894,-54.339996337890625,18.306093215942383,-233.83648681640625,89.09750366210938,139.95068359375,39.50148391723633,24.521663665771484,44.76536178588867,48.264610290527344,23.98377227783203,3.629431962966919,24.048681259155273,26.96942710876465,18.933460235595703,8.213652610778809,16.76848793029785,16.845125198364258,10.417631149291992,0.054945625364780426,10.888772010803223,13.826522827148438,9.17194652557373,5.294015407562256,7.661523342132568,2.3445239067077637,9.058679580688477,4.095409393310547,6.71580696105957,0.5609278678894043,0.3160656988620758,0.5329272150993347,0.28061556816101074,0.5164124965667725,0.3214556574821472,0.49971017241477966,0.2949685752391815,0.5629507899284363,0.2735618054866791,0.43764904141426086,0.24574339389801025,0.36415982246398926,0.2610905170440674,0.4580591022968292,0.30592378973960876,0.5337111353874207,0.29920879006385803,0.5855811834335327,0.3614330291748047,0.514448344707489,0.2901957035064697,0.5035099387168884,0.2606675922870636,audio_samples\music\music-fma-0097.wav,music
30.0,0.174564391374588,0.0858115553855896,0.03359163361068111,0.027197988139695994,1112.825360955039,600.8390627472681,2578.5510745210913,1787.5905391711706,-47.84211730957031,16.63532257080078,-170.3682098388672,35.52470397949219,151.45631408691406,25.291255950927734,-6.301754951477051,14.0628023147583,42.43391418457031,12.07614517211914,5.838468551635742,14.063529968261719,27.107675552368164,14.716513633728027,-10.121445655822754,14.184553146362305,13.031792640686035,12.274569511413574,-2.517749309539795,7.736907005310059,3.891143560409546,7.065255641937256,2.3441317081451416,6.320876598358154,0.5546069741249084,5.270672798156738,7.413906574249268,4.643612384796143,0.6040807962417603,0.32306671142578125,0.4069828987121582,0.23466531932353973,0.3544447720050812,0.22906526923179626,0.5405542254447937,0.31271591782569885,0.3553810715675354,0.17135731875896454,0.3227215111255646,0.23032911121845245,0.29694634675979614,0.17046743631362915,0.6001865863800049,0.3209010064601898,0.6168271899223328,0.31991302967071533,0.45508602261543274,0.3166136145591736,0.3187636435031891,0.2035098522901535,0.3205515444278717,0.1568027138710022,audio_samples\music\music-fma-0098.wav,music
30.0,0.1500372439622879,0.048712778836488724,0.12328988184500773,0.04295572027613537,2122.9204889614202,351.7448490869869,4416.79829222499,601.0668361446907,-35.09675598144531,16.868518829345703,-80.64635467529297,47.933982849121094,125.83383178710938,17.096458435058594,-55.98833084106445,19.960172653198242,60.574485778808594,9.782746315002441,-41.356544494628906,10.231029510498047,33.99632263183594,8.592822074890137,-25.94405746459961,8.30549430847168,18.405197143554688,6.323767185211182,-11.666687965393066,6.088508605957031,6.024974346160889,6.926792621612549,-0.6818287372589111,6.569643974304199,-7.665276527404785,6.842231273651123,4.887969017028809,6.7031402587890625,0.30003082752227783,0.26393234729766846,0.37195876240730286,0.2783328592777252,0.4830667972564697,0.3433017432689667,0.33793237805366516,0.2542599141597748,0.3273605406284332,0.2673446536064148,0.40286877751350403,0.3403891324996948,0.3343181908130646,0.2396182268857956,0.3796127438545227,0.32980483770370483,0.29815077781677246,0.2370786815881729,0.39081940054893494,0.29072147607803345,0.3096211552619934,0.28100132942199707,0.23777367174625397,0.21927490830421448,audio_samples\music\music-fma-0120.wav,music
24.850204081632654,0.011798134073615074,0.01656041480600834,0.14023656337535015,0.07462267160056221,2495.850453536307,694.9334465047622,4908.132755055147,932.1998034072006,-49.552818298339844,14.279022216796875,-344.1771240234375,84.56204223632812,88.61791229248047,26.29883575439453,-34.042781829833984,32.78913879394531,55.40678787231445,15.381142616271973,-18.825918197631836,19.6578311920166,31.277559280395508,12.90459156036377,-7.266991138458252,12.340860366821289,17.131813049316406,9.743775367736816,-5.324525833129883,9.233354568481445,4.364232540130615,8.52559757232666,3.056529998779297,7.826965808868408,-2.1252541542053223,6.6331071853637695,5.469250679016113,6.746175289154053,0.5170139074325562,0.23651276528835297,0.539432942867279,0.25814729928970337,0.5548330545425415,0.26265749335289,0.5303742289543152,0.24378016591072083,0.5617952942848206,0.23645512759685516,0.61681067943573,0.2621390223503113,0.5641005039215088,0.22739064693450928,0.5584162473678589,0.23052020370960236,0.5953001976013184,0.22050829231739044,0.675761878490448,0.2526174783706665,0.6755767464637756,0.24282599985599518,0.624701976776123,0.24020159244537354,audio_samples\noise\noise-free-sound-0011.wav,noise
21.933333333333334,0.10126275569200516,0.050725702196359634,0.06799458498677248,0.053719158396238406,1973.229239086665,579.9397046069251,4405.6591796875,912.3576154274272,-49.91629409790039,12.840827941894531,-188.51821899414062,43.16899871826172,83.69444274902344,20.426300048828125,-47.14751434326172,13.627852439880371,33.47344970703125,12.90975570678711,-18.21182632446289,13.229875564575195,40.165164947509766,8.600874900817871,5.130249500274658,9.07197093963623,26.208120346069336,8.512775421142578,12.234904289245605,7.460206508636475,20.07469367980957,7.041159152984619,16.861726760864258,6.499609470367432,6.6604695320129395,6.702938556671143,18.367080688476562,6.375128746032715,0.7513068914413452,0.2101406455039978,0.7286385893821716,0.2401386946439743,0.705856204032898,0.23633940517902374,0.6658293604850769,0.22929887473583221,0.656191349029541,0.22273878753185272,0.6868388652801514,0.23386935889720917,0.6814167499542236,0.21281199157238007,0.7017133831977844,0.21296942234039307,0.7108097672462463,0.2035953551530838,0.7337661385536194,0.2117619812488556,0.7230490446090698,0.19467848539352417,0.7388358116149902,0.19196434319019318,audio_samples\noise\noise-free-sound-0035.wav,noise
30.0,0.03831418231129646,0.004372670780867338,0.23265127648510062,0.014840785358802162,2956.1024897424227,160.1128099497397,5621.366008368808,242.79734544450898,-26.446176528930664,16.973453521728516,-162.6382293701172,8.887200355529785,107.51039123535156,5.478383541107178,-101.70398712158203,5.259793758392334,53.630924224853516,5.506396770477295,-73.5799789428711,4.163724422454834,41.12858581542969,4.556995391845703,-50.96529006958008,3.9354677200317383,20.704627990722656,4.10492467880249,-30.549819946289062,3.9433889389038086,0.8466845750808716,3.5945162773132324,-10.6392822265625,3.662001848220825,-12.586508750915527,3.552156448364258,5.3639750480651855,3.594194173812866,0.781339704990387,0.16716939210891724,0.7459318041801453,0.16527067124843597,0.7398473024368286,0.17237837612628937,0.7320250272750854,0.17784130573272705,0.6582533121109009,0.1654592603445053,0.6780713200569153,0.16871024668216705,0.6738989353179932,0.1681993156671524,0.7042837738990784,0.17310820519924164,0.69640052318573,0.1673719435930252,0.7104730010032654,0.17376676201820374,0.7007552981376648,0.168739452958107,0.7286356091499329,0.17014850676059723,audio_samples\noise\noise-free-sound-0042.wav,noise
30.0,0.2937191426753998,0.01637216843664646,0.014206641229682663,0.003068538190195368,614.5909274656952,37.07698613231299,927.7360567736552,93.49161905711391,-45.256126403808594,18.098291397094727,-165.55015563964844,3.566457986831665,184.86312866210938,3.710456609725952,14.951290130615234,2.6257927417755127,40.3372917175293,3.0175414085388184,-6.842593669891357,2.9052915573120117,43.237972259521484,3.066894769668579,-15.363242149353027,3.0392918586730957,20.946496963500977,2.9624578952789307,6.644617557525635,2.746779203414917,-2.728118419647217,2.8475730419158936,13.610857963562012,2.8112287521362305,-4.507977485656738,2.852372646331787,12.05457592010498,2.7537355422973633,0.770308256149292,0.09013082087039948,0.43917950987815857,0.06797416508197784,0.2306596338748932,0.051273517310619354,0.14206098020076752,0.040310729295015335,0.11714611947536469,0.03837341070175171,0.18586483597755432,0.05499852076172829,0.22754770517349243,0.06296862661838531,0.2982184886932373,0.0799039676785469,0.4427284300327301,0.09975447505712509,0.6166965365409851,0.10199758410453796,0.9549949765205383,0.05448640510439873,0.9774832129478455,0.04128999635577202,audio_samples\noise\noise-free-sound-0086.wav,noise
30.0,0.050556816160678864,0.006779402960091829,0.05682014016544118,0.015124366282762706,1890.3118280886572,173.8386178801258,4805.462608691709,302.0395719617072,-36.4102783203125,16.060348510742188,-218.8322296142578,6.430726051330566,136.16110229492188,5.134523391723633,-34.25758361816406,3.815056324005127,61.695228576660156,3.4165139198303223,-43.07024002075195,3.281853199005127,46.486785888671875,3.405689001083374,-15.62509822845459,4.251516342163086,35.888187408447266,4.292202949523926,0.4794696569442749,3.729994773864746,8.960355758666992,3.1710727214813232,1.5996755361557007,3.268660545349121,-11.816292762756348,3.1232962608337402,11.618667602539062,2.992851734161377,0.6362712979316711,0.1612394154071808,0.298893541097641,0.13159368932247162,0.1476624608039856,0.09365423768758774,0.12144918739795685,0.0809045284986496,0.10985627770423889,0.07551463693380356,0.11166226118803024,0.07905381172895432,0.14089953899383545,0.09313861280679703,0.23480035364627838,0.14890852570533752,0.30638039112091064,0.11684659868478775,0.4713992178440094,0.0959777906537056,0.9485875964164734,0.06835261732339859,0.980279803276062,0.04232156276702881,audio_samples\noise\noise-free-sound-0114.wav,noise
11.049024943310657,0.17373758554458618,0.06530050933361053,0.07479422433035714,0.033802943400815515,2096.8041959792167,347.87036497626775,4608.51260914522,602.2756703586728,-40.02861404418945,14.550848960876465,-106.80184173583984,31.59636878967285,103.33171844482422,11.362971305847168,-54.662960052490234,10.690768241882324,53.727081298828125,11.611011505126953,-28.01563262939453,9.202038764953613,40.466453552246094,9.005807876586914,-13.741641998291016,9.242095947265625,22.779926300048828,8.978658676147461,-3.950005531311035,7.702362537384033,11.093060493469238,6.93067741394043,11.33920955657959,7.117671489715576,3.385148048400879,6.715156555175781,16.134788513183594,7.1496429443359375,0.5640705823898315,0.24616798758506775,0.5486770868301392,0.22969263792037964,0.5845011472702026,0.23479096591472626,0.6658715009689331,0.2346637099981308,0.7057450413703918,0.2352055311203003,0.7246177196502686,0.23503349721431732,0.6100886464118958,0.22971142828464508,0.571888267993927,0.23401443660259247,0.5736245512962341,0.2243787944316864,0.5995272994041443,0.24818001687526703,0.5919161438941956,0.24043069779872894,0.5365827083587646,0.23191441595554352,audio_samples\noise\noise-sound-bible-0004.wav,noise
20.218775510204082,0.2266739159822464,0.13687585294246674,0.10405436011050517,0.11263732526537155,1519.4527219662723,791.5046078310335,2958.4297188935134,1616.7482852990738,-43.45072555541992,22.286245346069336,-106.75980377197266,156.83192443847656,158.13441467285156,52.95516586303711,-37.70409393310547,33.39085388183594,32.90947341918945,27.086091995239258,-24.275924682617188,18.28451156616211,20.000362396240234,21.579011917114258,-15.712700843811035,12.242294311523438,10.047445297241211,13.574569702148438,-5.725257396697998,7.448709964752197,2.801116704940796,7.714509963989258,3.2231993675231934,5.816074848175049,-2.0600104331970215,4.479537010192871,7.061735153198242,5.859585762023926,0.6340972781181335,0.2108113318681717,0.6607487797737122,0.21181784570217133,0.6569485664367676,0.19836834073066711,0.6254969835281372,0.19624760746955872,0.6599935293197632,0.19890247285366058,0.6780502200126648,0.20663446187973022,0.6815118789672852,0.20235547423362732,0.658379077911377,0.21192967891693115,0.6196475625038147,0.2260902374982834,0.6236145496368408,0.23202413320541382,0.6452560424804688,0.20906135439872742,0.6734907031059265,0.22905045747756958,audio_samples\noise\noise-sound-bible-0034.wav,noise
16.248027210884352,0.1556425839662552,0.14770208299160004,0.28507603236607143,0.16892410067757502,2656.2700654895034,897.8469669960689,4371.486328125,1711.8051790407278,-60.57565689086914,22.161514282226562,-348.1940612792969,185.74514770507812,37.4585075378418,37.5268669128418,-77.51563262939453,74.28274536132812,-0.03218682482838631,18.209308624267578,-7.413624286651611,15.368087768554688,19.909048080444336,18.938194274902344,-6.0551981925964355,9.619186401367188,15.740097999572754,15.225860595703125,5.748126029968262,7.405547618865967,6.346721649169922,6.478471279144287,6.014349937438965,9.576862335205078,1.681212306022644,3.6544106006622314,13.757854461669922,14.478913307189941,0.44242000579833984,0.2792671322822571,0.3383901119232178,0.3724370300769806,0.342309832572937,0.3848077654838562,0.3520675599575043,0.39512550830841064,0.4346660375595093,0.3554590046405792,0.7603259086608887,0.303349107503891,0.47110578417778015,0.34488576650619507,0.38954588770866394,0.41931113600730896,0.384374737739563,0.4299165904521942,0.3952392637729645,0.43941742181777954,0.4104168117046356,0.39092954993247986,0.6938863396644592,0.27348586916923523,audio_samples\noise\noise-sound-bible-0038.wav,noise
12.878004535147392,0.22079916298389435,0.08817051351070404,0.11785261824324324,0.05288171338366116,1792.9208464661983,347.0558608147569,2562.451171875,314.58958721254606,-48.58879089355469,21.41506004333496,-248.3356170654297,62.90916442871094,142.3944091796875,17.648061752319336,-130.21951293945312,51.07246017456055,6.3141889572143555,10.797954559326172,55.89562225341797,12.363865852355957,-7.4054856300354,15.113804817199707,3.789947032928467,6.208352088928223,36.825103759765625,8.570802688598633,2.644183397293091,5.871162414550781,0.37169888615608215,5.037535190582275,20.546842575073242,5.656730651855469,8.739236831665039,6.521523952484131,-1.1893869638442993,4.555385589599609,0.916899561882019,0.13104476034641266,0.22011025249958038,0.13865402340888977,0.16433171927928925,0.14604192972183228,0.7141648530960083,0.25330936908721924,0.6220906376838684,0.2042839527130127,0.7897914052009583,0.17618633806705475,0.42799854278564453,0.14280012249946594,0.09127639979124069,0.1678621768951416,0.0739317312836647,0.15634971857070923,0.08521842211484909,0.15317633748054504,0.09200616925954819,0.16319002211093903,0.24083499610424042,0.15594570338726044,audio_samples\noise\noise-sound-bible-0053.wav,noise
23.405714285714286,0.16413193941116333,0.09223523736000061,0.03943076762264618,0.037720667722765076,739.9863263666256,530.8291584862859,1409.6778650349975,1106.5129837864572,-51.093116760253906,22.00941276550293,-195.9701690673828,110.50604248046875,199.88357543945312,38.70068359375,7.856727123260498,42.66352081298828,12.864664077758789,25.691064834594727,0.2688416540622711,19.030555725097656,15.720646858215332,11.389307022094727,1.7988920211791992,11.70324420928955,4.624180316925049,8.304327964782715,1.4079012870788574,6.9686126708984375,2.7474043369293213,5.730658531188965,2.7659318447113037,5.053030967712402,-0.082463338971138,5.342555522918701,1.708770513534546,5.84971284866333,0.5710893869400024,0.23175586760044098,0.5825988054275513,0.223152756690979,0.6160436272621155,0.22907675802707672,0.6124504208564758,0.22360554337501526,0.6065134406089783,0.2209058701992035,0.6315155625343323,0.23497343063354492,0.6441236138343811,0.2261725217103958,0.6629658341407776,0.23463894426822662,0.6609892249107361,0.23169228434562683,0.6564627289772034,0.245345801115036,0.6130250096321106,0.233291894197464,0.5776299238204956,0.2263614535331726,audio_samples\noise\noise-sound-bible-0078.wav,noise
30.0,0.05546998605132103,0.04417313262820244,0.09256482198142414,0.09546392837927074,1618.6441521245602,1062.2064521502793,2973.3320206680532,1823.2633007277227,-56.82590103149414,19.250211715698242,-343.6818542480469,118.8087158203125,108.12967681884766,62.684329986572266,-9.750045776367188,38.74018096923828,26.03714942932129,33.65876007080078,-5.6869611740112305,26.69192886352539,6.187479019165039,20.1467227935791,-9.152031898498535,19.591388702392578,-5.459458351135254,15.958078384399414,-6.301846504211426,15.940089225769043,5.058401107788086,11.327754974365234,-4.382699012756348,10.861212730407715,-5.64995813369751,11.916269302368164,3.220559597015381,9.597591400146484,0.37775853276252747,0.37623685598373413,0.2961800992488861,0.32306981086730957,0.24875938892364502,0.2867421507835388,0.2088918536901474,0.24619311094284058,0.22054052352905273,0.2546014189720154,0.27301275730133057,0.2991688847541809,0.3157769441604614,0.32127028703689575,0.31272339820861816,0.3096742630004883,0.3354948163032532,0.3116317391395569,0.377958208322525,0.33439528942108154,0.42303892970085144,0.3638589084148407,0.42612704634666443,0.3816829025745392,audio_samples\speech\speech-librivox-0010.wav,speech
30.0,0.04866347834467888,0.03876018524169922,0.14551083591331268,0.11519391529195935,2051.4210096758143,1091.1624072833042,3548.1368782350523,1621.426307772026,-52.536197662353516,20.678747177124023,-338.5845642089844,142.9555206298828,97.92350006103516,66.57683563232422,-48.524757385253906,38.53804397583008,29.184585571289062,32.97551345825195,-11.06122875213623,25.03067398071289,0.830564022064209,21.44748878479004,-13.134553909301758,18.581932067871094,-10.189356803894043,17.4959659576416,-15.317999839782715,16.10985565185547,1.4575937986373901,12.253005027770996,-9.185365676879883,11.285006523132324,-5.415783405303955,10.475259780883789,-1.951648473739624,11.135297775268555,0.361239492893219,0.3284553289413452,0.3601114749908447,0.32765963673591614,0.27273064851760864,0.27708104252815247,0.2672968804836273,0.2772691249847412,0.30773288011550903,0.29582107067108154,0.37335777282714844,0.3206893503665924,0.43856924772262573,0.33936235308647156,0.43425360321998596,0.32960689067840576,0.39344191551208496,0.3268131911754608,0.39338135719299316,0.33789852261543274,0.3806286156177521,0.3349858820438385,0.35330700874328613,0.326957106590271,audio_samples\speech\speech-librivox-0053.wav,speech
30.0,0.032462991774082184,0.027187103405594826,0.06334920121420279,0.06166687507391006,1525.8162198608306,778.2752000654358,3281.788488807324,1315.4468321283389,-56.69651412963867,15.596306800842285,-333.7713928222656,83.43872833251953,101.81051635742188,36.90321731567383,1.519301176071167,34.73246383666992,43.08457565307617,27.227447509765625,3.947011947631836,17.92844581604004,11.307376861572266,18.227088928222656,2.238630533218384,15.238228797912598,7.47691535949707,14.41004753112793,1.3222416639328003,12.4028902053833,6.103627681732178,9.584468841552734,2.424919843673706,10.423466682434082,9.627758979797363,9.422982215881348,4.492467403411865,10.944095611572266,0.5561448335647583,0.4073626697063446,0.47530484199523926,0.3450416028499603,0.3551066517829895,0.25052064657211304,0.2913320064544678,0.23765785992145538,0.2597355544567108,0.2453595995903015,0.27420058846473694,0.26001349091529846,0.3267754316329956,0.2781825065612793,0.35770148038864136,0.2794051766395569,0.4043298363685608,0.2795119881629944,0.4598884582519531,0.31020382046699524,0.502602756023407,0.33355212211608887,0.5505932569503784,0.3858274221420288,audio_samples\speech\speech-librivox-0080.wav,speech
30.0,0.08801596611738205,0.07298509031534195,0.10234972124129257,0.10121597031401439,1642.247974420103,1149.1839073929502,3096.0396120053697,2072.876131660415,-59.188873291015625,18.869644165039062,-328.2898254394531,120.36206817626953,90.30394744873047,66.39269256591797,2.4333536624908447,27.37381935119629,34.64274215698242,35.20478820800781,-8.73072624206543,20.881624221801758,1.2326374053955078,19.34935760498047,-22.349422454833984,21.426300048828125,-12.711782455444336,15.96908187866211,-16.311981201171875,13.988426208496094,-11.2403564453125,11.85828685760498,-9.319005966186523,10.060017585754395,-7.103105068206787,9.352546691894531,-6.563663482666016,9.34831714630127,0.2981748878955841,0.32292842864990234,0.28297704458236694,0.3094578981399536,0.3066352903842926,0.3213936984539032,0.34552180767059326,0.3437558710575104,0.3666326701641083,0.3428718149662018,0.37750443816185,0.34973692893981934,0.36836308240890503,0.3349801301956177,0.3842436969280243,0.35417884588241577,0.38465195894241333,0.3494289815425873,0.38584768772125244,0.3478446304798126,0.36255308985710144,0.33048874139785767,0.3167949616909027,0.31765177845954895,audio_samples\speech\speech-librivox-0107.wav,speech
30.0,0.06380467116832733,0.06494123488664627,0.0858210985874613,0.07598441628435236,1528.1829156298552,876.9507746527793,3048.748231303212,1703.9323633321567,-60.87511444091797,17.027294158935547,-339.1949462890625,98.22563171386719,102.38021087646484,47.626285552978516,2.240522623062134,28.279022216796875,25.611608505249023,25.760887145996094,-5.475156784057617,16.167144775390625,-7.847901821136475,16.98238182067871,-19.699840545654297,18.57807731628418,-17.740602493286133,17.378429412841797,-5.360895156860352,13.528637886047363,0.829132080078125,12.492911338806152,-3.3988735675811768,8.712051391601562,-6.780265808105469,10.559371948242188,1.9042993783950806,9.774762153625488,0.3852119445800781,0.36556732654571533,0.2955973744392395,0.28827860951423645,0.3561016917228699,0.367941677570343,0.265719473361969,0.2803022265434265,0.21470907330513,0.24478168785572052,0.22548042237758636,0.27817830443382263,0.2568289041519165,0.2703617215156555,0.3344251811504364,0.32295456528663635,0.3322935402393341,0.30584588646888733,0.3216182291507721,0.3163992464542389,0.331953763961792,0.32243841886520386,0.40203526616096497,0.3928319811820984,audio_samples\speech\speech-librivox-0152.wav,speech
30.0,0.02971312589943409,0.027217423543334007,0.06134392233455882,0.020628906073234032,949.1194452295575,224.07989271568928,1804.4057556719233,552.3841921018901,-60.198455810546875,16.614971160888672,-373.8538513183594,45.06343460083008,148.0519561767578,27.45736312866211,-13.666341781616211,26.66282844543457,4.989534378051758,20.682096481323242,16.1253604888916,14.459945678710938,-22.610437393188477,15.389444351196289,-15.804829597473145,14.859179496765137,-9.478011131286621,10.516064643859863,-15.080105781555176,9.746963500976562,-1.4285892248153687,9.534989356994629,-0.10787855088710785,7.128021240234375,-1.144445538520813,6.9674224853515625,8.2731294631958,7.344905376434326,0.40889090299606323,0.33982160687446594,0.40752655267715454,0.3601151704788208,0.3953864574432373,0.34799978137016296,0.3437381088733673,0.33844032883644104,0.2242099940776825,0.2647480070590973,0.18848074972629547,0.2475656419992447,0.22043730318546295,0.28873157501220703,0.23383621871471405,0.2731723189353943,0.2997783124446869,0.3112134337425232,0.3035043179988861,0.3089296519756317,0.3389533758163452,0.3340262174606323,0.43499311804771423,0.36930587887763977,audio_samples\speech\speech-us-gov-0002.wav,speech
30.0,0.044331785291433334,0.036210305988788605,0.0957227771865325,0.056251611130655556,1484.1727111803436,606.3984091722534,2570.151125314435,1019.4827176165983,-51.91234588623047,18.133182525634766,-307.535400390625,75.23074340820312,142.8104248046875,42.51411437988281,-46.535343170166016,35.76357650756836,20.421001434326172,31.119169235229492,-9.210387229919434,25.224424362182617,-12.648711204528809,17.67497444152832,-8.108346939086914,14.606664657592773,-17.871397018432617,14.064712524414062,-15.548704147338867,11.009868621826172,-15.468713760375977,10.43237018585205,-8.144344329833984,10.558465957641602,-0.42706337571144104,9.336848258972168,-5.208436489105225,8.407608985900879,0.2819713056087494,0.25777316093444824,0.28332433104515076,0.26446834206581116,0.31769758462905884,0.2905770540237427,0.344831258058548,0.30523404479026794,0.3575402498245239,0.3026842176914215,0.37284016609191895,0.3110443949699402,0.37923750281333923,0.3069106936454773,0.43806836009025574,0.33415865898132324,0.4616302251815796,0.33321473002433777,0.4342113733291626,0.32890522480010986,0.3895179033279419,0.3187771141529083,0.3311441242694855,0.2966817319393158,audio_samples\speech\speech-us-gov-0061.wav,speech
30.0,0.02358531393110752,0.022820450365543365,0.07522592455979102,0.04212718896369027,1203.8422769312995,352.9891465134198,2450.201850631289,589.0336132614958,-59.56672668457031,18.106327056884766,-379.4608459472656,85.3688735961914,140.45700073242188,50.21781539916992,-27.98565101623535,30.5945987701416,21.823043823242188,20.226499557495117,33.39309310913086,21.440467834472656,-14.96866512298584,18.161550521850586,5.308012962341309,11.172284126281738,3.5913939476013184,10.446565628051758,-19.924407958984375,14.761913299560547,0.5889698266983032,10.072525978088379,-0.1104726642370224,9.615397453308105,-12.271951675415039,12.144734382629395,3.7728259563446045,8.069818496704102,0.36125677824020386,0.29181334376335144,0.39730098843574524,0.31233838200569153,0.46878883242607117,0.3254510164260864,0.46299898624420166,0.3201584815979004,0.36370429396629333,0.2666016221046448,0.36007821559906006,0.2966406047344208,0.3624874949455261,0.2853619158267975,0.4410620927810669,0.2980274558067322,0.5227464437484741,0.3046647012233734,0.546514630317688,0.3203125298023224,0.47373640537261963,0.31977638602256775,0.3885352909564972,0.29887354373931885,audio_samples\speech\speech-us-gov-0106.wav,speech
30.0,0.15213854610919952,0.10144714266061783,0.06032163070820434,0.027909904704870606,967.5582274888794,297.38796795737204,1908.238461143092,627.8404833700436,-50.70433807373047,21.808185577392578,-206.74424743652344,57.48155975341797,196.8001708984375,33.94548416137695,-41.00412368774414,28.21553611755371,17.900474548339844,19.113849639892578,31.35378074645996,13.370970726013184,-27.91512680053711,14.702309608459473,-0.31036514043807983,11.30079174041748,-3.7106378078460693,9.834131240844727,-26.157852172851562,10.413507461547852,2.978890895843506,10.823700904846191,-2.7096006870269775,9.458512306213379,-15.446061134338379,8.203865051269531,4.185854434967041,8.115406036376953,0.3621441721916199,0.29361268877983093,0.3265937864780426,0.27751022577285767,0.35515210032463074,0.2948208153247833,0.38044631481170654,0.29837486147880554,0.3242344856262207,0.25717538595199585,0.40975403785705566,0.3126381039619446,0.4309781789779663,0.33919331431388855,0.35530519485473633,0.27760088443756104,0.3960955739021301,0.30075883865356445,0.46263551712036133,0.3192991316318512,0.45404231548309326,0.31011542677879333,0.4082399606704712,0.3077307939529419,audio_samples\speech\speech-us-gov-0130.wav,speech
30.0,0.05319228768348694,0.03144686669111252,0.07253962183146284,0.034537958179181746,1179.038443894474,354.8017437597637,2202.7533469185373,640.2242477188568,-50.18988800048828,22.010211944580078,-324.03033447265625,55.10982131958008,181.7346954345703,27.171579360961914,-61.538143157958984,37.81923294067383,21.20179557800293,25.951570510864258,33.11963653564453,14.10150146484375,-35.99747848510742,19.6151065826416,3.298407554626465,13.146906852722168,4.8928093910217285,9.339665412902832,-21.168729782104492,13.120779991149902,9.494053840637207,12.736355781555176,0.4144391119480133,9.242795944213867,-17.04636001586914,8.927482604980469,3.300161838531494,9.097504615783691,0.27099254727363586,0.3057026267051697,0.28525879979133606,0.31775200366973877,0.2820717394351959,0.3143581748008728,0.25594860315322876,0.28564101457595825,0.25086745619773865,0.29080164432525635,0.2934187054634094,0.31155484914779663,0.35008668899536133,0.3399621248245239,0.36414438486099243,0.34928959608078003,0.34806856513023376,0.32890602946281433,0.34210026264190674,0.33694612979888916,0.32902148365974426,0.3405784070491791,0.27773547172546387,0.3097512125968933,audio_samples\speech\speech-us-gov-0160.wav,speech
